"rt","correct","stimulus","key_press","keys","symptoms_shuffle","symptom1","symptom2","symptom3","key","category","phase","trial","include","block","trial_type","trial_index","time_elapsed","internal_node_id","ppt","session","abresp"
"4029.800000011921","false","hexagon,circle,square","32","80,81","circle,hexagon,triangle,square,diamond","B","A","D","80","common","training","1","true","1","categorize-html","4","162127","0.0-4.0-0.0","23468","202232913","none"
"null","false","diamond,circle,triangle","null","80,81","circle,hexagon,triangle,square,diamond","E","A","C","81","rare","training","2","true","1","categorize-html","6","168138","0.0-4.0-2.0","23468","202232913","none"
"2021.1000000238419","false","circle,diamond,triangle","32","80,81","circle,hexagon,triangle,square,diamond","A","E","C","81","rare","training","3","true","1","categorize-html","8","171161","0.0-4.0-4.0","23468","202232913","none"
"2762","false","square,hexagon,circle","32","80,81","circle,hexagon,triangle,square,diamond","D","B","A","80","common","training","4","true","1","categorize-html","10","174926","0.0-4.0-6.0","23468","202232913","none"
"1876.4000000357628","false","hexagon,square,circle","32","80,81","circle,hexagon,triangle,square,diamond","B","D","A","80","common","training","5","true","1","categorize-html","12","177806","0.0-4.0-8.0","23468","202232913","none"
"2732.2000000476837","false","circle,square,hexagon","32","80,81","circle,hexagon,triangle,square,diamond","A","D","B","80","common","training","6","true","1","categorize-html","14","181545","0.0-4.0-10.0","23468","202232913","none"
"2625.900000035763","false","circle,triangle,diamond","32","80,81","circle,hexagon,triangle,square,diamond","A","C","E","81","rare","training","7","true","1","categorize-html","16","185177","0.0-4.0-12.0","23468","202232913","none"
"1242.699999988079","false","hexagon,square,circle","32","80,81","circle,hexagon,triangle,square,diamond","B","D","A","80","common","training","8","true","1","categorize-html","18","187422","0.0-4.0-14.0","23468","202232913","none"
"1474.6000000238419","false","circle,square,hexagon","32","80,81","circle,hexagon,triangle,square,diamond","A","D","B","80","common","training","9","true","1","categorize-html","20","189902","0.0-4.0-16.0","23468","202232913","none"
"1676.199999988079","false","circle,hexagon,square","32","80,81","circle,hexagon,triangle,square,diamond","A","B","D","80","common","training","10","true","1","categorize-html","22","192584","0.0-4.0-18.0","23468","202232913","none"
"3022.599999964237","false","circle,square,hexagon","32","80,81","circle,hexagon,triangle,square,diamond","A","D","B","80","common","training","11","true","1","categorize-html","24","196611","0.0-4.0-20.0","23468","202232913","none"
"784.3000000119209","false","circle,hexagon,square","32","80,81","circle,hexagon,triangle,square,diamond","A","B","D","80","common","training","12","true","1","categorize-html","26","198403","0.0-4.0-22.0","23468","202232913","none"
"1214.199999988079","false","hexagon,square,circle","32","80,81","circle,hexagon,triangle,square,diamond","B","D","A","80","common","training","13","true","1","categorize-html","28","200621","0.0-4.0-24.0","23468","202232913","none"
"1062.300000011921","false","square,circle,hexagon","32","80,81","circle,hexagon,triangle,square,diamond","D","A","B","80","common","training","14","true","1","categorize-html","30","202690","0.0-4.0-26.0","23468","202232913","none"
"3529.099999964237","false","square,circle,hexagon","32","80,81","circle,hexagon,triangle,square,diamond","D","A","B","80","common","training","15","true","1","categorize-html","32","207224","0.0-4.0-28.0","23468","202232913","none"
"1475.6000000238419","false","diamond,triangle,circle","32","80,81","circle,hexagon,triangle,square,diamond","E","C","A","81","rare","training","16","true","1","categorize-html","34","209703","0.0-4.0-30.0","23468","202232913","none"
"1247.9000000357628","false","square,circle,hexagon","32","80,81","circle,hexagon,triangle,square,diamond","D","A","B","80","common","training","17","true","1","categorize-html","36","211954","0.0-4.0-32.0","23468","202232913","none"
"840.3000000119209","false","triangle,diamond,circle","32","80,81","circle,hexagon,triangle,square,diamond","C","E","A","81","rare","training","18","true","1","categorize-html","38","213799","0.0-4.0-34.0","23468","202232913","none"
"1401.0999999642372","false","square,hexagon,circle","32","80,81","circle,hexagon,triangle,square,diamond","D","B","A","80","common","training","19","true","1","categorize-html","40","216205","0.0-4.0-36.0","23468","202232913","none"
"1054.7999999523163","false","hexagon,circle,square","32","80,81","circle,hexagon,triangle,square,diamond","B","A","D","80","common","training","20","true","1","categorize-html","42","218263","0.0-4.0-38.0","23468","202232913","none"
"2484.800000011921","false","triangle,circle,diamond","32","80,81","circle,hexagon,triangle,square,diamond","C","A","E","81","rare","training","21","true","1","categorize-html","44","221751","0.0-4.0-40.0","23468","202232913","none"
"1779.7999999523163","false","hexagon,circle,square","32","80,81","circle,hexagon,triangle,square,diamond","B","A","D","80","common","training","22","true","1","categorize-html","46","224534","0.0-4.0-42.0","23468","202232913","none"
"1294.800000011921","false","circle,hexagon,square","32","80,81","circle,hexagon,triangle,square,diamond","A","B","D","80","common","training","23","true","1","categorize-html","48","226833","0.0-4.0-44.0","23468","202232913","none"
"1868.800000011921","false","square,hexagon,circle","32","80,81","circle,hexagon,triangle,square,diamond","D","B","A","80","common","training","24","true","1","categorize-html","50","229707","0.0-4.0-46.0","23468","202232913","none"
"8113.600000023842","false","hexagon,triangle","81","80,81","circle,hexagon,triangle,square,diamond","B","C","","","","test","1","true","1","categorize-html","54","270943","0.0-6.0-0.0","23468","202232913","rare"
"7498","false","circle","80","80,81","circle,hexagon,triangle,square,diamond","A","","","","","test","2","true","1","categorize-html","56","279946","0.0-6.0-2.0","23468","202232913","common"
"3001.600000023842","false","hexagon","80","80,81","circle,hexagon,triangle,square,diamond","B","","","","","test","3","true","1","categorize-html","58","284452","0.0-6.0-4.0","23468","202232913","common"
"2335.5","false","hexagon","80","80,81","circle,hexagon,triangle,square,diamond","B","","","","","test","4","true","1","categorize-html","60","288292","0.0-6.0-6.0","23468","202232913","common"
"3575.5","false","triangle","81","80,81","circle,hexagon,triangle,square,diamond","C","","","","","test","5","true","1","categorize-html","62","293374","0.0-6.0-8.0","23468","202232913","rare"
"1850.199999988079","false","circle,hexagon","80","80,81","circle,hexagon,triangle,square,diamond","A","B","","","","test","6","true","1","categorize-html","64","296729","0.0-6.0-10.0","23468","202232913","common"
"2492.599999964237","false","triangle,hexagon","81","80,81","circle,hexagon,triangle,square,diamond","C","B","","","","test","7","true","1","categorize-html","66","300728","0.0-6.0-12.0","23468","202232913","rare"
"4135.5","false","hexagon,circle","80","80,81","circle,hexagon,triangle,square,diamond","B","A","","","","test","8","true","1","categorize-html","68","306371","0.0-6.0-14.0","23468","202232913","common"
"2184.899999976158","false","triangle","81","80,81","circle,hexagon,triangle,square,diamond","C","","","","","test","9","true","1","categorize-html","70","310061","0.0-6.0-16.0","23468","202232913","rare"
"2114.2000000476837","false","circle","80","80,81","circle,hexagon,triangle,square,diamond","A","","","","","test","10","true","1","categorize-html","72","313682","0.0-6.0-18.0","23468","202232913","common"
"1716.0999999642372","false","circle,triangle","81","80,81","circle,hexagon,triangle,square,diamond","A","C","","","","test","11","true","1","categorize-html","74","316904","0.0-6.0-20.0","23468","202232913","rare"
"1267","false","triangle,circle","81","80,81","circle,hexagon,triangle,square,diamond","C","A","","","","test","12","true","1","categorize-html","76","319676","0.0-6.0-22.0","23468","202232913","rare"
"1188.300000011921","false","hexagon,circle","80","80,81","circle,hexagon,triangle,square,diamond","B","A","","","","test","13","true","1","categorize-html","78","322375","0.0-6.0-24.0","23468","202232913","common"
"2771.699999988079","false","circle","80","80,81","circle,hexagon,triangle,square,diamond","A","","","","","test","14","true","1","categorize-html","80","326653","0.0-6.0-26.0","23468","202232913","common"
"1819.7000000476837","false","circle,hexagon","80","80,81","circle,hexagon,triangle,square,diamond","A","B","","","","test","15","true","1","categorize-html","82","329981","0.0-6.0-28.0","23468","202232913","common"
"1112.5","false","circle","80","80,81","circle,hexagon,triangle,square,diamond","A","","","","","test","16","true","1","categorize-html","84","332599","0.0-6.0-30.0","23468","202232913","common"
"1229.5","false","triangle","81","80,81","circle,hexagon,triangle,square,diamond","C","","","","","test","17","true","1","categorize-html","86","335334","0.0-6.0-32.0","23468","202232913","rare"
"1916.1000000238419","false","hexagon","80","80,81","circle,hexagon,triangle,square,diamond","B","","","","","test","18","true","1","categorize-html","88","338757","0.0-6.0-34.0","23468","202232913","common"
"1840.2000000476837","false","triangle","81","80,81","circle,hexagon,triangle,square,diamond","C","","","","","test","19","true","1","categorize-html","90","342102","0.0-6.0-36.0","23468","202232913","rare"
"2125.900000035763","false","triangle,hexagon","81","80,81","circle,hexagon,triangle,square,diamond","C","B","","","","test","20","true","1","categorize-html","92","345735","0.0-6.0-38.0","23468","202232913","rare"
"3680.2999999523163","false","hexagon","80","80,81","circle,hexagon,triangle,square,diamond","B","","","","","test","21","true","1","categorize-html","94","350918","0.0-6.0-40.0","23468","202232913","common"
"4412.800000011921","false","hexagon,triangle","81","80,81","circle,hexagon,triangle,square,diamond","B","C","","","","test","22","true","1","categorize-html","96","356838","0.0-6.0-42.0","23468","202232913","rare"
"1494","false","circle,triangle","81","80,81","circle,hexagon,triangle,square,diamond","A","C","","","","test","23","true","1","categorize-html","98","359835","0.0-6.0-44.0","23468","202232913","rare"
"3523.699999988079","false","triangle,circle","81","80,81","circle,hexagon,triangle,square,diamond","C","A","","","","test","24","true","1","categorize-html","100","364864","0.0-6.0-46.0","23468","202232913","rare"
"3446.5","false","circle,hexagon","80","80,81","circle,hexagon,triangle,square,diamond","A","B","","","","test","25","true","1","categorize-html","103","373242","0.0-6.0-49.0","23468","202232913","common"
"2545.5","false","hexagon,triangle","81","80,81","circle,hexagon,triangle,square,diamond","B","C","","","","test","26","true","1","categorize-html","105","377294","0.0-6.0-51.0","23468","202232913","rare"
"967.8000000119209","false","triangle","81","80,81","circle,hexagon,triangle,square,diamond","C","","","","","test","27","true","1","categorize-html","107","379770","0.0-6.0-53.0","23468","202232913","rare"
"966.9000000357628","false","hexagon","80","80,81","circle,hexagon,triangle,square,diamond","B","","","","","test","28","true","1","categorize-html","109","382245","0.0-6.0-55.0","23468","202232913","common"
"1264.5","false","triangle","81","80,81","circle,hexagon,triangle,square,diamond","C","","","","","test","29","true","1","categorize-html","111","385012","0.0-6.0-57.0","23468","202232913","rare"
"814.5999999642372","false","circle","80","80,81","circle,hexagon,triangle,square,diamond","A","","","","","test","30","true","1","categorize-html","113","387332","0.0-6.0-59.0","23468","202232913","common"
"951.6000000238419","false","circle,triangle","81","80,81","circle,hexagon,triangle,square,diamond","A","C","","","","test","31","true","1","categorize-html","115","389791","0.0-6.0-61.0","23468","202232913","rare"
"1029.6000000238419","false","circle","80","80,81","circle,hexagon,triangle,square,diamond","A","","","","","test","32","true","1","categorize-html","117","392324","0.0-6.0-63.0","23468","202232913","common"
"487.19999998807907","false","triangle,circle","81","80,81","circle,hexagon,triangle,square,diamond","C","A","","","","test","33","true","1","categorize-html","119","394316","0.0-6.0-65.0","23468","202232913","rare"
"565.0999999642372","false","hexagon","80","80,81","circle,hexagon,triangle,square,diamond","B","","","","","test","34","true","1","categorize-html","121","396388","0.0-6.0-67.0","23468","202232913","common"
"981.8999999761581","false","triangle,hexagon","81","80,81","circle,hexagon,triangle,square,diamond","C","B","","","","test","35","true","1","categorize-html","123","398873","0.0-6.0-69.0","23468","202232913","rare"
"1803.699999988079","false","hexagon,circle","80","80,81","circle,hexagon,triangle,square,diamond","B","A","","","","test","36","true","1","categorize-html","125","402180","0.0-6.0-71.0","23468","202232913","common"
"1208.7999999523163","false","circle,triangle","81","80,81","circle,hexagon,triangle,square,diamond","A","C","","","","test","37","true","1","categorize-html","127","404894","0.0-6.0-73.0","23468","202232913","rare"
"1487.199999988079","false","hexagon,circle","80","80,81","circle,hexagon,triangle,square,diamond","B","A","","","","test","38","true","1","categorize-html","129","407886","0.0-6.0-75.0","23468","202232913","common"
"744","false","circle","80","80,81","circle,hexagon,triangle,square,diamond","A","","","","","test","39","true","1","categorize-html","131","410137","0.0-6.0-77.0","23468","202232913","common"
"1404.5","false","hexagon,triangle","81","80,81","circle,hexagon,triangle,square,diamond","B","C","","","","test","40","true","1","categorize-html","133","413049","0.0-6.0-79.0","23468","202232913","rare"
"1197.1000000238419","false","triangle","81","80,81","circle,hexagon,triangle,square,diamond","C","","","","","test","41","true","1","categorize-html","135","415753","0.0-6.0-81.0","23468","202232913","rare"
"1555.2999999523163","false","hexagon","80","80,81","circle,hexagon,triangle,square,diamond","B","","","","","test","42","true","1","categorize-html","137","418814","0.0-6.0-83.0","23468","202232913","common"
"1099.1000000238419","false","triangle,hexagon","81","80,81","circle,hexagon,triangle,square,diamond","C","B","","","","test","43","true","1","categorize-html","139","421416","0.0-6.0-85.0","23468","202232913","rare"
"1485.699999988079","false","circle,hexagon","80","80,81","circle,hexagon,triangle,square,diamond","A","B","","","","test","44","true","1","categorize-html","141","424408","0.0-6.0-87.0","23468","202232913","common"
"924.1000000238419","false","hexagon","80","80,81","circle,hexagon,triangle,square,diamond","B","","","","","test","45","true","1","categorize-html","143","426838","0.0-6.0-89.0","23468","202232913","common"
"956.0999999642372","false","triangle,circle","81","80,81","circle,hexagon,triangle,square,diamond","C","A","","","","test","46","true","1","categorize-html","145","429304","0.0-6.0-91.0","23468","202232913","rare"
"872.8999999761581","false","circle","80","80,81","circle,hexagon,triangle,square,diamond","A","","","","","test","47","true","1","categorize-html","147","431682","0.0-6.0-93.0","23468","202232913","common"
"757","false","triangle","81","80,81","circle,hexagon,triangle,square,diamond","C","","","","","test","48","true","1","categorize-html","149","433944","0.0-6.0-95.0","23468","202232913","rare"
"7144","false","circle","80","80,81","circle,hexagon,triangle,square,diamond","A","","","","","test","49","true","1","categorize-html","152","450849","0.0-6.0-98.0","23468","202232913","common"
"942.3999999761581","false","circle,hexagon","80","80,81","circle,hexagon,triangle,square,diamond","A","B","","","","test","50","true","1","categorize-html","154","453297","0.0-6.0-100.0","23468","202232913","common"
"902.8000000119209","false","triangle,hexagon","81","80,81","circle,hexagon,triangle,square,diamond","C","B","","","","test","51","true","1","categorize-html","156","455702","0.0-6.0-102.0","23468","202232913","rare"
"1736.2000000476837","false","hexagon,circle","80","80,81","circle,hexagon,triangle,square,diamond","B","A","","","","test","52","true","1","categorize-html","158","458945","0.0-6.0-104.0","23468","202232913","common"
"996.3999999761581","false","circle,triangle","81","80,81","circle,hexagon,triangle,square,diamond","A","C","","","","test","53","true","1","categorize-html","160","461446","0.0-6.0-106.0","23468","202232913","rare"
"944.8999999761581","false","triangle","81","80,81","circle,hexagon,triangle,square,diamond","C","","","","","test","54","true","1","categorize-html","162","463894","0.0-6.0-108.0","23468","202232913","rare"
"786.8999999761581","false","hexagon","80","80,81","circle,hexagon,triangle,square,diamond","B","","","","","test","55","true","1","categorize-html","164","466187","0.0-6.0-110.0","23468","202232913","common"
"586.3000000119209","false","triangle","81","80,81","circle,hexagon,triangle,square,diamond","C","","","","","test","56","true","1","categorize-html","166","468278","0.0-6.0-112.0","23468","202232913","rare"
"998.5999999642372","false","hexagon","80","80,81","circle,hexagon,triangle,square,diamond","B","","","","","test","57","true","1","categorize-html","168","470779","0.0-6.0-114.0","23468","202232913","common"
"1097.7000000476837","false","triangle,circle","81","80,81","circle,hexagon,triangle,square,diamond","C","A","","","","test","58","true","1","categorize-html","170","473380","0.0-6.0-116.0","23468","202232913","rare"
"819.8999999761581","false","hexagon,triangle","81","80,81","circle,hexagon,triangle,square,diamond","B","C","","","","test","59","true","1","categorize-html","172","475707","0.0-6.0-118.0","23468","202232913","rare"
"584.3999999761581","false","circle","80","80,81","circle,hexagon,triangle,square,diamond","A","","","","","test","60","true","1","categorize-html","174","477797","0.0-6.0-120.0","23468","202232913","common"
"501.5","false","circle","80","80,81","circle,hexagon,triangle,square,diamond","A","","","","","test","61","true","1","categorize-html","176","479802","0.0-6.0-122.0","23468","202232913","common"
"790.7999999523163","false","hexagon,triangle","81","80,81","circle,hexagon,triangle,square,diamond","B","C","","","","test","62","true","1","categorize-html","178","482096","0.0-6.0-124.0","23468","202232913","rare"
"1002","false","triangle","81","80,81","circle,hexagon,triangle,square,diamond","C","","","","","test","63","true","1","categorize-html","180","484603","0.0-6.0-126.0","23468","202232913","rare"
"1814.3999999761581","false","circle,triangle","81","80,81","circle,hexagon,triangle,square,diamond","A","C","","","","test","64","true","1","categorize-html","182","487921","0.0-6.0-128.0","23468","202232913","rare"
"1053.5","false","triangle","81","80,81","circle,hexagon,triangle,square,diamond","C","","","","","test","65","true","1","categorize-html","184","490485","0.0-6.0-130.0","23468","202232913","rare"
"748.5","false","hexagon","80","80,81","circle,hexagon,triangle,square,diamond","B","","","","","test","66","true","1","categorize-html","186","492741","0.0-6.0-132.0","23468","202232913","common"
"1265.800000011921","false","hexagon","80","80,81","circle,hexagon,triangle,square,diamond","B","","","","","test","67","true","1","categorize-html","188","495514","0.0-6.0-134.0","23468","202232913","common"
"643.5999999642372","false","triangle,circle","81","80,81","circle,hexagon,triangle,square,diamond","C","A","","","","test","68","true","1","categorize-html","190","497663","0.0-6.0-136.0","23468","202232913","rare"
"909.5","false","circle","80","80,81","circle,hexagon,triangle,square,diamond","A","","","","","test","69","true","1","categorize-html","192","500078","0.0-6.0-138.0","23468","202232913","common"
"1032.800000011921","false","triangle,hexagon","81","80,81","circle,hexagon,triangle,square,diamond","C","B","","","","test","70","true","1","categorize-html","194","502618","0.0-6.0-140.0","23468","202232913","rare"
"1810.3999999761581","false","hexagon,circle","80","80,81","circle,hexagon,triangle,square,diamond","B","A","","","","test","71","true","1","categorize-html","196","505935","0.0-6.0-142.0","23468","202232913","common"
"2099.900000035763","false","circle,hexagon","80","80,81","circle,hexagon,triangle,square,diamond","A","B","","","","test","72","true","1","categorize-html","198","509540","0.0-6.0-144.0","23468","202232913","common"
"1260.5999999642372","false","triangle","81","80,81","circle,hexagon,triangle,square,diamond","C","","","","","test","73","true","1","categorize-html","201","514185","0.0-6.0-147.0","23468","202232913","rare"
"609.8999999761581","false","hexagon,circle","80","80,81","circle,hexagon,triangle,square,diamond","B","A","","","","test","74","true","1","categorize-html","203","516300","0.0-6.0-149.0","23468","202232913","common"
"171.30000001192093","false","circle","81","80,81","circle,hexagon,triangle,square,diamond","A","","","","","test","75","true","1","categorize-html","205","517977","0.0-6.0-151.0","23468","202232913","rare"
"637.5","false","circle","80","80,81","circle,hexagon,triangle,square,diamond","A","","","","","test","76","true","1","categorize-html","207","520121","0.0-6.0-153.0","23468","202232913","common"
"788.5","false","triangle","81","80,81","circle,hexagon,triangle,square,diamond","C","","","","","test","77","true","1","categorize-html","209","522414","0.0-6.0-155.0","23468","202232913","rare"
"665.6000000238419","false","hexagon","80","80,81","circle,hexagon,triangle,square,diamond","B","","","","","test","78","true","1","categorize-html","211","524589","0.0-6.0-157.0","23468","202232913","common"
"858.1000000238419","false","hexagon","80","80,81","circle,hexagon,triangle,square,diamond","B","","","","","test","79","true","1","categorize-html","213","526952","0.0-6.0-159.0","23468","202232913","common"
"896","false","hexagon,triangle","81","80,81","circle,hexagon,triangle,square,diamond","B","C","","","","test","80","true","1","categorize-html","215","529352","0.0-6.0-161.0","23468","202232913","rare"
"1190.6000000238419","false","triangle,circle","81","80,81","circle,hexagon,triangle,square,diamond","C","A","","","","test","81","true","1","categorize-html","217","532051","0.0-6.0-163.0","23468","202232913","rare"
"706.0999999642372","false","circle,hexagon","80","80,81","circle,hexagon,triangle,square,diamond","A","B","","","","test","82","true","1","categorize-html","219","534264","0.0-6.0-165.0","23468","202232913","common"
"758.6999999880791","false","triangle,hexagon","81","80,81","circle,hexagon,triangle,square,diamond","C","B","","","","test","83","true","1","categorize-html","221","536525","0.0-6.0-167.0","23468","202232913","rare"
"1321.300000011921","false","circle,triangle","81","80,81","circle,hexagon,triangle,square,diamond","A","C","","","","test","84","true","1","categorize-html","223","539352","0.0-6.0-169.0","23468","202232913","rare"
"1251.699999988079","false","triangle,hexagon","81","80,81","circle,hexagon,triangle,square,diamond","C","B","","","","test","85","true","1","categorize-html","225","542109","0.0-6.0-171.0","23468","202232913","rare"
"1239.0999999642372","false","hexagon,circle","80","80,81","circle,hexagon,triangle,square,diamond","B","A","","","","test","86","true","1","categorize-html","227","544850","0.0-6.0-173.0","23468","202232913","common"
"756.3000000119209","false","hexagon,triangle","81","80,81","circle,hexagon,triangle,square,diamond","B","C","","","","test","87","true","1","categorize-html","229","547111","0.0-6.0-175.0","23468","202232913","rare"
"1259.9000000357628","false","circle,hexagon","80","80,81","circle,hexagon,triangle,square,diamond","A","B","","","","test","88","true","1","categorize-html","231","549874","0.0-6.0-177.0","23468","202232913","common"
"1625.6000000238419","false","circle,triangle","81","80,81","circle,hexagon,triangle,square,diamond","A","C","","","","test","89","true","1","categorize-html","233","553010","0.0-6.0-179.0","23468","202232913","rare"
"1464.4000000357628","false","triangle","81","80,81","circle,hexagon,triangle,square,diamond","C","","","","","test","90","true","1","categorize-html","235","555977","0.0-6.0-181.0","23468","202232913","rare"
"728.5","false","triangle","81","80,81","circle,hexagon,triangle,square,diamond","C","","","","","test","91","true","1","categorize-html","237","558215","0.0-6.0-183.0","23468","202232913","rare"
"2395.199999988079","false","circle","80","80,81","circle,hexagon,triangle,square,diamond","A","","","","","test","92","true","1","categorize-html","239","562113","0.0-6.0-185.0","23468","202232913","common"
"1027","false","triangle,circle","81","80,81","circle,hexagon,triangle,square,diamond","C","A","","","","test","93","true","1","categorize-html","241","564646","0.0-6.0-187.0","23468","202232913","rare"
"1149.6000000238419","false","hexagon","80","80,81","circle,hexagon,triangle,square,diamond","B","","","","","test","94","true","1","categorize-html","243","567302","0.0-6.0-189.0","23468","202232913","common"
"641.0999999642372","false","circle","81","80,81","circle,hexagon,triangle,square,diamond","A","","","","","test","95","true","1","categorize-html","245","569446","0.0-6.0-191.0","23468","202232913","rare"
"678.7000000476837","false","hexagon","80","80,81","circle,hexagon,triangle,square,diamond","B","","","","","test","96","true","1","categorize-html","247","571628","0.0-6.0-193.0","23468","202232913","common"
"1250.2999999523163","false","circle","80","80,81","circle,hexagon,triangle,square,diamond","A","","","","","test","97","true","1","categorize-html","250","575441","0.0-6.0-196.0","23468","202232913","common"
"2045.300000011921","false","hexagon,triangle","80","80,81","circle,hexagon,triangle,square,diamond","B","C","","","","test","98","true","1","categorize-html","252","578993","0.0-6.0-198.0","23468","202232913","common"
"679.2999999523163","false","hexagon","80","80,81","circle,hexagon,triangle,square,diamond","B","","","","","test","99","true","1","categorize-html","254","581177","0.0-6.0-200.0","23468","202232913","common"
"862.5","false","hexagon","80","80,81","circle,hexagon,triangle,square,diamond","B","","","","","test","100","true","1","categorize-html","256","583547","0.0-6.0-202.0","23468","202232913","common"
"2285.899999976158","false","triangle,circle","81","80,81","circle,hexagon,triangle,square,diamond","C","A","","","","test","101","true","1","categorize-html","258","587339","0.0-6.0-204.0","23468","202232913","rare"
"3112","false","hexagon,circle","80","80,81","circle,hexagon,triangle,square,diamond","B","A","","","","test","102","true","1","categorize-html","260","591957","0.0-6.0-206.0","23468","202232913","common"
"850.7999999523163","false","triangle,hexagon","81","80,81","circle,hexagon,triangle,square,diamond","C","B","","","","test","103","true","1","categorize-html","262","594315","0.0-6.0-208.0","23468","202232913","rare"
"1162.4000000357628","false","triangle","81","80,81","circle,hexagon,triangle,square,diamond","C","","","","","test","104","true","1","categorize-html","264","596981","0.0-6.0-210.0","23468","202232913","rare"
"830.4000000357628","false","circle,triangle","81","80,81","circle,hexagon,triangle,square,diamond","A","C","","","","test","105","true","1","categorize-html","266","599317","0.0-6.0-212.0","23468","202232913","rare"
"1275.800000011921","false","circle","80","80,81","circle,hexagon,triangle,square,diamond","A","","","","","test","106","true","1","categorize-html","268","602099","0.0-6.0-214.0","23468","202232913","common"
"2218","false","circle,hexagon","81","80,81","circle,hexagon,triangle,square,diamond","A","B","","","","test","107","true","1","categorize-html","270","605823","0.0-6.0-216.0","23468","202232913","rare"
"742.8000000119209","false","triangle","81","80,81","circle,hexagon,triangle,square,diamond","C","","","","","test","108","true","1","categorize-html","272","608074","0.0-6.0-218.0","23468","202232913","rare"
"2732.300000011921","false","hexagon","80","80,81","circle,hexagon,triangle,square,diamond","B","","","","","test","109","true","1","categorize-html","274","612314","0.0-6.0-220.0","23468","202232913","common"
"1143.3999999761581","false","triangle","81","80,81","circle,hexagon,triangle,square,diamond","C","","","","","test","110","true","1","categorize-html","276","614964","0.0-6.0-222.0","23468","202232913","rare"
"811","false","circle,triangle","81","80,81","circle,hexagon,triangle,square,diamond","A","C","","","","test","111","true","1","categorize-html","278","617278","0.0-6.0-224.0","23468","202232913","rare"
"5059.299999952316","false","triangle,circle","81","80,81","circle,hexagon,triangle,square,diamond","C","A","","","","test","112","true","1","categorize-html","280","623844","0.0-6.0-226.0","23468","202232913","rare"
"5992.100000023842","false","hexagon","80","80,81","circle,hexagon,triangle,square,diamond","B","","","","","test","113","true","1","categorize-html","282","631342","0.0-6.0-228.0","23468","202232913","common"
"813.7999999523163","false","triangle,hexagon","81","80,81","circle,hexagon,triangle,square,diamond","C","B","","","","test","114","true","1","categorize-html","284","633662","0.0-6.0-230.0","23468","202232913","rare"
"1303.199999988079","false","triangle","81","80,81","circle,hexagon,triangle,square,diamond","C","","","","","test","115","true","1","categorize-html","286","636470","0.0-6.0-232.0","23468","202232913","rare"
"967.1999999880791","false","circle","80","80,81","circle,hexagon,triangle,square,diamond","A","","","","","test","116","true","1","categorize-html","288","638944","0.0-6.0-234.0","23468","202232913","common"
"1094.1000000238419","false","hexagon,triangle","81","80,81","circle,hexagon,triangle,square,diamond","B","C","","","","test","117","true","1","categorize-html","290","641544","0.0-6.0-236.0","23468","202232913","rare"
"1047.800000011921","false","circle,hexagon","80","80,81","circle,hexagon,triangle,square,diamond","A","B","","","","test","118","true","1","categorize-html","292","644099","0.0-6.0-238.0","23468","202232913","common"
"1155.300000011921","false","circle","80","80,81","circle,hexagon,triangle,square,diamond","A","","","","","test","119","true","1","categorize-html","294","646760","0.0-6.0-240.0","23468","202232913","common"
"962.6000000238419","false","hexagon,circle","80","80,81","circle,hexagon,triangle,square,diamond","B","A","","","","test","120","true","1","categorize-html","296","649229","0.0-6.0-242.0","23468","202232913","common"
